{"cities":[{"name":"Москва","uniqIdent":"moscow"},{"name":"Санкт - Петербург","uniqIdent":"peterburg"},{"name":"Казань","uniqIdent":"kazan"},{"name":"Екатеринбург","uniqIdent":"ekaterinburg"},{"name":"Пермь","uniqIdent":"perm"},{"name":"Абакан","uniqIdent":"abakan"},{"name":"Альметьевск","uniqIdent":"almetyevsk"},{"name":"Анапа","uniqIdent":"anapa"},{"name":"Ангарск","uniqIdent":"angarsk"},{"name":"Архангельск","uniqIdent":"arhangelsk"},{"name":"Ачинск","uniqIdent":"achinsk"},{"name":"Барнаул","uniqIdent":"barnaul"},{"name":"Белгород","uniqIdent":"belgorod"},{"name":"Бердск","uniqIdent":"berdsk"},{"name":"Бийск","uniqIdent":"biysk"},{"name":"Бузулук","uniqIdent":"buzuluk"},{"name":"Владивосток","uniqIdent":"vladivostok"},{"name":"Владимир","uniqIdent":"vladimir"},{"name":"Волгоград","uniqIdent":"volgograd"},{"name":"Волжский","uniqIdent":"volzhsky"},{"name":"Вологда","uniqIdent":"vologda"},{"name":"Воронеж","uniqIdent":"voronezh"},{"name":"Геленджик","uniqIdent":"gelendzhik"},{"name":"Глазов","uniqIdent":"glazov"},{"name":"Грозный","uniqIdent":"groznyj"},{"name":"Дзержинск","uniqIdent":"dzerzhinsk"},{"name":"Железногорск","uniqIdent":"zheleznogorsk"},{"name":"Иваново","uniqIdent":"ivanovo"},{"name":"Ижевск","uniqIdent":"izhevsk"},{"name":"Иркутск","uniqIdent":"irkutsk"},{"name":"Йошкар-Ола","uniqIdent":"yoshkar-ola"},{"name":"Калининград","uniqIdent":"kaliningrad"},{"name":"Калуга","uniqIdent":"kaluga"},{"name":"Каменск-Уральский","uniqIdent":"kamensk-uralsky"},{"name":"Кемерово","uniqIdent":"kemerovo"},{"name":"Киров","uniqIdent":"kirov"},{"name":"Комсомольск-на-Амуре","uniqIdent":"komsomolsk_na_amure"},{"name":"Краснодар","uniqIdent":"krasnodar"},{"name":"Красноярск","uniqIdent":"krasnoyarsk"},{"name":"Курган","uniqIdent":"kurgan"},{"name":"Курск","uniqIdent":"kursk"},{"name":"Липецк","uniqIdent":"lipetsk"},{"name":"Магнитогорск","uniqIdent":"magnitogorsk"},{"name":"Мегион","uniqIdent":"megion"},{"name":"Миасс","uniqIdent":"miass"},{"name":"Мурманск","uniqIdent":"murmansk"},{"name":"Набережные Челны","uniqIdent":"nabchelny"},{"name":"Находка","uniqIdent":"nakhodka"},{"name":"Нижневартовск","uniqIdent":"nizhnevartovsk"},{"name":"Нижний Новгород","uniqIdent":"nizhninovgorod"},{"name":"Нижний Тагил","uniqIdent":"nizhny_tagil"},{"name":"Новокузнецк","uniqIdent":"novokuznetsk"},{"name":"Новороссийск","uniqIdent":"novorossiisk"},{"name":"Новосибирск","uniqIdent":"novosibirsk"},{"name":"Новотроицк","uniqIdent":"novotroitsk"},{"name":"Новочеркасск","uniqIdent":"novocherkassk"},{"name":"Новый Уренгой","uniqIdent":"new_urengoy"},{"name":"Норильск","uniqIdent":"norilsk"},{"name":"Омск","uniqIdent":"omsk"},{"name":"Орёл","uniqIdent":"oryol"},{"name":"Оренбург","uniqIdent":"orenburg"},{"name":"Орск","uniqIdent":"orsk"},{"name":"Пенза","uniqIdent":"penza"},{"name":"Первоуральск","uniqIdent":"pervouralsk"},{"name":"Петрозаводск","uniqIdent":"petrozavodsk"},{"name":"Прокопьевск","uniqIdent":"prokopievsk"},{"name":"Псков","uniqIdent":"pskov"},{"name":"Радужный","uniqIdent":"raduzhniy"},{"name":"Ростов-на-Дону","uniqIdent":"rostov"},{"name":"Рязань","uniqIdent":"ryazan"},{"name":"Самара","uniqIdent":"samara"},{"name":"Саранск","uniqIdent":"saransk"},{"name":"Саратов","uniqIdent":"saratov"},{"name":"Севастополь","uniqIdent":"sevastopol"},{"name":"Северодвинск","uniqIdent":"severodvinsk"},{"name":"Симферополь","uniqIdent":"simferopol"},{"name":"Сосновый Бор","uniqIdent":"sosnovy-bor"},{"name":"Сочи","uniqIdent":"sochi"},{"name":"Ставрополь","uniqIdent":"stavropol"},{"name":"Старый Оскол","uniqIdent":"staryj_oskol"},{"name":"Стерлитамак","uniqIdent":"sterlitamak"},{"name":"Сургут","uniqIdent":"surgut"},{"name":"Сызрань","uniqIdent":"syzran"},{"name":"Сыктывкар","uniqIdent":"syktyvkar"},{"name":"Таганрог","uniqIdent":"taganrog"},{"name":"Тамбов","uniqIdent":"tambov"},{"name":"Тверь","uniqIdent":"tver"},{"name":"Тольятти","uniqIdent":"tolyatti"},{"name":"Томск","uniqIdent":"tomsk"},{"name":"Туапсе","uniqIdent":"tuapse"},{"name":"Тула","uniqIdent":"tula"},{"name":"Тюмень","uniqIdent":"tyumen"},{"name":"Ульяновск","uniqIdent":"ulyanovsk"},{"name":"Усолье-Сибирское","uniqIdent":"usolye-sibirskoe"},{"name":"Уфа","uniqIdent":"ufa"},{"name":"Хабаровск","uniqIdent":"khabarovsk"},{"name":"Чебоксары","uniqIdent":"cheboksary"},{"name":"Челябинск","uniqIdent":"chelyabinsk"},{"name":"Энгельс","uniqIdent":"engels"},{"name":"Южно-Сахалинск","uniqIdent":"yuzhnosakhalinsk"},{"name":"Юрга","uniqIdent":"yurga"},{"name":"Якутск","uniqIdent":"yakutsk"},{"name":"Ялта","uniqIdent":"yalta"},{"name":"Ярославль","uniqIdent":"yaroslavl"},{"name":"Ясный","uniqIdent":"yasnyi"}],"message":"success"}