{
    "countries":[
                 {
                 "countryCode":"RU",
                 "countryName":"Россия",
                 "phoneCode":7,
                 "phoneMinLength":11,
                 "phoneMaxLength":11
                 },
                 {
                 "countryCode":"KZ",
                 "countryName":"Казахстан",
                 "phoneCode":77,
                 "phoneMinLength":11,
                 "phoneMaxLength":11
                 },
                 {
                 "countryCode":"BY",
                 "countryName":"Беларусь",
                 "phoneCode":375,
                 "phoneMinLength":12,
                 "phoneMaxLength":12
                 },
                 {
                 "countryCode":"UA",
                 "countryName":"Украина",
                 "phoneCode":380,
                 "phoneMinLength":12,
                 "phoneMaxLength":12
                 }
                 ]
}